code,population016,population_density_per_square_kilometre,land_area_in_square_kilometres,occupied_private_dwellings_by_structural_type_of_dwelling,housing_apartment_in_a_building_that_has_five_or_more_storeys,housing_apartment_in_a_building_that_has_fewer_than_five_storeys,housing_apartment_or_flat_in_a_duplex,housing_semi_detached_house,housing_other_single_attached_house,housing_single_detached_house,housing_row_house,housing_movable_dwelling,total_occupied_private_dwellings_by_period_of_construction5_percent_sample_data,x1960_or_before,x1961_to_1980,x1981_to_1990,x1991_to000,x2001_to005,x2006_to010,x2011_to016,average_household_size,persons_living_alone_per_cent,prevalence_of_low_income_based_on_the_low_income_measure_after_tax_lim_at_percent,total_economic_family_income_decile_group_for_the_population_in_private_households_100_percent_data,in_the_bottom_decile,in_the_second_decile,in_the_third_decile,in_the_fourth_decile,in_the_fifth_decile,in_the_sixth_decile,in_the_seventh_decile,in_the_eighth_decile,in_the_ninth_decile,in_the_top_decile,total_visible_minority_for_the_population_in_private_households5_percent_sample_data,total_visible_minority_population,vm_chinese,vm_south_asian,vm_black,vm_latin_american,vm_filipino,vm_arab,vm_southeast_asian,vm_west_asian,vm_korean,vm_japanese,vm_visible_minority_n_i_e,vm_multiple_visible_minorities,vm_not_a_visible_minority
129,29113,3929,7.41,9125,2120,735,645,805,15,3345,1440,5,9120,245,4905,1950,895,720,350,45,3.16,5.4,21.3,28825,4195,5030,3700,2990,2610,2500,2340,2260,1900,1305,28825,26365,16460,5315,1340,170,1420,275,260,125,70,60,245,630,2465
128,23757,3034,7.83,8135,3145,610,695,330,65,2790,515,0,8135,835,3275,1645,640,170,370,1200,2.88,8,22.6,23475,3905,3565,2940,2590,2210,2015,1840,1800,1505,1125,23470,20155,11110,4190,1545,230,1280,300,155,375,140,40,275,490,3320
20,12054,2435,4.95,4620,255,560,330,545,0,2840,85,0,4615,2905,1030,195,165,75,115,120,2.6,10.8,8.2,12030,725,815,1005,1060,1140,1265,1420,1500,1750,1345,12025,2490,275,540,300,180,615,90,55,20,65,35,140,180,9535
95,30526,10863,2.81,15935,8165,4795,455,1185,90,645,595,0,15945,6920,4080,1480,950,715,840,940,1.8,30,18.3,28650,4810,2225,1710,1630,1735,1720,1820,2210,2830,7995,28640,7270,2145,1125,935,405,350,300,190,340,605,255,125,480,21380
42,27695,2775,9.98,12125,6270,1315,40,285,0,3485,740,0,12125,2970,3675,1815,1185,950,990,540,2.23,18.6,13.7,27005,2600,2195,2050,1875,2045,2105,2230,2390,3135,6395,26995,12700,4630,2825,970,350,1135,550,110,755,560,210,155,470,14290
34,15873,3377,4.7,6080,2055,1070,640,165,15,2105,45,0,6095,2165,2235,460,375,325,290,220,2.56,12.5,17,15580,1825,1865,1595,1455,1410,1285,1240,1420,1620,1870,15580,5420,655,550,550,575,1950,155,150,270,305,35,95,135,10165
76,25797,14097,1.83,15075,14800,240,0,0,10,5,15,0,15075,665,2405,2545,2165,940,2415,3925,1.7,31.8,37.7,25600,8820,2020,1660,1380,1350,1400,1470,1805,2085,3600,25605,15925,7435,2420,775,460,380,1310,340,615,1340,335,155,370,9675
52,21396,4195,5.1,9535,5900,520,75,120,5,2025,880,0,9530,1475,2110,410,375,1230,1770,2150,2.22,17.1,23.7,21135,4005,1995,1585,1550,1620,1475,1670,1830,2195,3215,21140,14505,5860,1360,755,410,765,355,200,2440,1655,180,105,425,6635
49,13154,3240,4.06,4700,1775,570,100,495,0,1565,200,0,4700,400,3375,465,310,30,20,80,2.7,8.7,18.4,12655,1760,1315,1085,1025,905,1065,990,1020,1445,2055,12655,8250,4360,670,530,150,175,130,135,1015,710,70,45,260,4405
39,23236,4209,5.52,8610,1995,1260,315,45,115,4820,65,0,8615,2935,1670,860,1335,615,655,555,2.68,12.9,9.4,23110,1600,1460,1300,1225,1095,1040,1215,1540,2305,10315,23115,4845,1030,455,315,345,1790,90,75,305,195,65,10,170,18270
112,6577,3614,1.82,2655,665,1130,90,80,0,665,15,0,2650,1045,800,330,420,40,10,25,2.4,16.5,28,6375,1200,1125,870,770,590,485,425,410,300,215,6370,3760,110,330,2070,335,395,70,215,10,15,0,135,95,2610
127,29960,4011,7.47,10765,4850,340,1075,290,20,3870,325,5,10755,3970,2595,350,570,995,1305,960,2.7,11.4,23.4,29105,4795,4065,3525,3245,2680,2695,2485,2330,2085,1200,29100,21075,4400,8305,1910,530,2885,335,310,815,205,155,475,720,8020
122,22291,3765,5.92,9205,945,1960,880,425,40,4900,40,0,9200,6050,1655,555,505,135,125,170,2.36,16.2,14.5,21685,2405,1865,1855,1685,1800,1875,1750,2380,2635,3445,21695,5740,1190,1405,890,225,830,105,265,95,30,195,160,340,15940
24,21737,6282,3.46,7320,4065,630,155,660,5,680,1140,0,7320,1250,4840,680,445,35,10,60,2.94,9.8,33,21565,4670,4695,3495,2545,1910,1585,1135,850,530,135,21565,17435,765,2110,6315,1780,920,705,2595,620,40,30,785,790,4125
69,7727,8134,0.95,3130,470,795,170,815,15,495,370,0,3120,2200,625,145,70,45,25,10,2.46,15.4,24.5,7685,1365,1000,655,540,510,475,490,680,805,1160,7685,2960,950,445,950,80,55,45,90,145,15,35,70,85,4725
108,14257,7791,1.83,5735,2395,1100,385,155,5,1610,75,0,5740,2310,2415,420,310,180,85,10,2.48,14,17,14215,1785,1720,1770,1765,1690,1360,1265,1200,1035,635,14205,6500,260,410,1170,920,3035,45,170,40,130,70,120,125,7710
41,9266,1040,8.91,3245,590,80,30,40,0,2275,230,0,3240,865,375,220,400,315,600,450,2.83,8,8.8,9185,695,285,300,270,250,240,330,435,795,5585,9185,2765,1410,375,115,65,50,40,45,325,185,55,10,110,6415
57,11499,6764,1.7,5665,3325,815,150,440,0,850,80,0,5665,2305,2410,325,275,85,205,50,2,24.7,22.6,11335,1765,1530,1270,1065,925,975,905,805,900,1180,11330,3135,470,630,565,250,500,125,85,140,70,70,80,145,8200
30,17757,5045,3.52,6480,3745,540,135,240,0,1790,25,0,6485,1945,2700,520,605,380,225,115,2.73,10.8,24.7,17710,2930,2925,2680,2130,1720,1515,1370,1090,870,475,17705,11630,450,1190,4770,1880,1250,50,1095,130,50,10,295,455,6075
71,11669,8335,1.4,6440,3375,1640,160,460,20,160,630,0,6440,2680,1765,1215,250,250,225,35,1.71,32.5,20.8,10995,1840,1130,770,755,755,760,855,810,1115,2210,10990,3170,720,525,510,260,485,110,125,50,95,35,100,140,7815
109,9955,6464,1.54,3685,165,940,440,435,0,1680,20,0,3680,2175,895,170,235,105,55,45,2.69,9.8,14.2,9910,1035,1095,1140,1190,1200,1050,1135,915,835,315,9905,3585,235,230,860,825,890,0,160,10,30,10,150,185,6320
96,10968,5683,1.93,5410,2680,1225,155,265,0,875,200,0,5410,2810,1495,300,205,60,285,255,2,23.7,12.5,10790,1085,690,545,515,560,530,725,755,1080,4305,10885,1870,420,360,280,225,85,65,55,65,110,80,40,100,9025
133,13362,2479,5.39,4380,0,60,150,160,0,3510,485,5,4385,300,1940,610,900,190,335,105,3.05,4.5,6.2,13340,605,625,715,830,985,1270,1625,1870,2260,2570,13340,5810,710,2475,945,115,785,175,55,100,40,85,115,230,7525
75,31340,23044,1.36,19680,18055,1280,45,25,30,10,220,0,19690,3400,4660,2735,2585,1500,2690,2115,1.54,39.2,26,30305,7050,2710,2090,2050,2110,2140,2280,2715,2945,4245,30305,12440,3835,2510,1465,695,755,625,320,500,665,235,215,595,17880
120,26984,3632,7.43,9250,1965,1315,725,1015,50,3135,1045,0,9250,3875,2230,255,460,285,1450,665,2.84,8.8,19.5,26305,3605,3275,2870,2615,2720,2575,2645,2340,2340,1325,26295,16110,2120,6140,2670,375,3140,160,250,185,110,180,370,405,10185
33,16472,3979,4.14,6550,2315,1255,555,10,10,2405,15,5,6550,2265,1350,415,680,345,370,1125,2.51,14.9,14.9,16420,1765,1685,1590,1635,1375,1325,1260,1400,1725,2640,16420,6305,500,400,560,255,3315,155,210,165,175,50,120,415,10115
123,15935,2273,7.01,5905,1335,160,470,55,60,3380,435,0,5900,2930,1675,335,355,125,305,180,2.68,11.3,17.9,15810,1860,1780,1360,1395,1250,1455,1515,1600,1775,1800,15805,6570,765,3000,990,135,775,80,60,165,55,90,180,280,9235
92,14133,7478,1.89,5495,0,2235,610,1230,65,1240,105,0,5510,3930,935,160,160,55,45,225,2.56,10.6,13.4,14080,1620,1370,1350,1390,1390,1410,1405,1510,1440,1185,14100,3545,445,325,655,1135,370,45,95,80,65,60,65,185,10570
66,9666,8554,1.13,3925,330,1410,215,1240,25,685,30,0,3920,3045,535,190,80,35,35,25,2.44,15,14.2,9595,1045,850,870,605,660,680,790,935,1355,1805,9595,2480,820,705,340,85,90,25,65,30,65,90,45,120,7110
59,17180,7881,2.18,7020,880,945,550,1700,15,2900,35,0,7025,5110,1000,290,205,55,115,255,2.43,14.4,13.6,17075,1550,1595,1305,1355,1300,1485,1650,1890,2545,2415,17080,5090,1530,1030,700,300,440,95,140,155,140,260,70,245,11985
47,27051,6441,4.2,9975,5630,305,145,360,0,2120,1415,0,9960,990,6830,965,390,165,265,350,2.69,9.3,23.5,26825,4740,3475,2965,2610,2305,2340,2110,2160,2100,2020,26825,19025,6960,2890,1285,550,2170,885,190,2450,835,135,140,520,7795
126,25003,4146,6.03,8780,3770,465,510,335,5,2130,1560,0,8775,2395,3165,785,1145,785,295,210,2.78,10.5,22.3,24385,3435,3930,3640,2890,2645,2330,1925,1690,1320,600,24380,18940,2745,7245,2205,270,3430,810,265,795,25,65,555,535,5440
93,36625,9819,3.73,15310,2265,6875,1135,2050,220,1635,1140,5,15300,8555,2485,920,1015,650,580,1085,2.37,14.6,17.1,36295,5280,4225,3880,3490,3180,3425,3220,3365,3435,2800,36210,12275,2825,2105,2110,1510,610,180,1000,210,435,245,425,645,23935
26,35052,2337,15,13125,3085,3720,425,925,5,4330,645,10,13120,4810,4885,855,855,430,745,540,2.67,11.7,19.4,34940,4685,4945,4645,4175,3735,3485,2910,2645,2395,1325,35010,20070,780,1380,5455,3605,4535,255,2065,510,130,50,400,895,14945
83,11785,8540,1.38,5435,1335,2700,400,500,95,310,110,0,5440,3120,1270,270,250,160,280,80,2.15,19.4,18,11710,1730,1465,1240,1265,995,1010,965,1015,985,1035,11710,3630,845,665,595,490,170,90,235,45,120,60,150,165,8080
62,21381,8038,2.66,9180,2085,2240,485,1950,40,1770,595,5,9175,5390,1845,540,555,415,285,155,2.29,18.4,18.8,21015,2945,2040,1625,1435,1465,1450,1650,2055,2930,3400,21010,6475,1325,1700,1285,275,685,145,95,155,190,165,215,230,14535
9,15535,2840,5.47,6255,2405,1035,40,85,0,2555,130,0,6255,1875,2855,305,215,295,395,315,2.43,13.6,10.5,15190,1080,1150,1160,1210,1200,1030,1235,1195,1485,4455,15190,3230,370,390,795,675,200,100,55,55,270,100,85,135,11980
138,22776,7051,3.23,7915,4965,195,585,120,10,1535,510,0,7915,2175,3200,1305,830,170,140,90,2.81,9.9,26,22250,3740,4000,3195,2710,2245,1865,1665,1335,970,520,22265,17375,895,6490,4130,400,2970,240,195,555,40,65,950,455,4880
5,9456,3306,2.86,3220,1375,65,200,70,0,990,515,0,3220,985,1435,615,130,20,10,25,2.93,8.4,23.2,9450,1480,1530,1385,1075,900,940,675,700,535,220,9445,6365,105,840,2930,765,465,40,370,285,105,15,210,245,3085
32,22372,6466,3.46,8245,3030,2510,510,30,0,1905,265,0,8245,2515,2515,840,965,710,215,475,2.65,16.5,21.3,21885,3275,3115,2535,2295,1995,1640,1470,1230,1610,2745,21880,8855,390,365,2305,550,3950,90,215,180,175,25,190,405,13030
11,18588,2171,8.56,6865,1785,75,125,360,5,3925,605,0,6865,2120,3710,620,105,195,75,35,2.7,9,9.7,18525,1150,1370,1415,1520,1745,1785,2060,2535,2700,2255,18525,5130,790,1275,975,400,445,145,110,125,390,100,65,275,13395
13,11848,6582,1.8,4585,3160,55,60,95,10,965,230,0,4580,1085,2615,275,80,30,20,485,2.5,13.2,18.3,11465,1435,1390,1415,1180,1215,1115,980,1095,975,665,11465,4520,335,1165,790,445,635,170,155,290,295,30,115,100,6950
44,21933,9026,2.43,7830,6425,645,5,180,0,0,565,0,7830,985,4835,995,695,205,50,60,2.8,11.3,34.7,21910,4905,4610,3200,2385,1850,1535,1210,900,800,525,21915,17220,1015,7650,2130,390,2270,370,230,2190,250,45,255,430,4695
102,12806,8054,1.59,5450,3430,385,110,15,0,1470,30,0,5445,2660,1880,485,240,70,65,60,2.33,18.2,15.5,12670,1410,1295,1080,1000,945,770,760,825,950,3630,12670,3570,265,170,500,420,1595,65,20,165,115,55,70,120,9100
101,10732,4380,2.45,4950,2025,1050,70,65,0,1685,40,0,4950,2630,1035,605,210,90,95,285,2.14,21.6,10.7,10620,895,640,505,430,525,540,605,685,885,4910,10600,1775,460,245,205,140,335,40,75,90,45,35,10,105,8820
25,30491,5864,5.2,9910,3405,1150,330,3285,0,415,1350,0,9920,2010,6105,1170,435,65,75,35,3.04,8,25.7,30210,5190,5610,4460,3635,3150,2800,1995,1795,1175,410,30210,23155,1170,2150,7360,3680,1515,345,3985,425,10,10,1435,1090,7065
65,14417,8582,1.68,6050,515,2360,360,1480,30,965,335,5,6050,3875,1020,645,295,40,95,80,2.37,16.4,19.7,14380,2165,1575,1200,1085,1040,1110,1280,1570,1615,1735,14380,5625,2090,1070,940,205,300,80,190,85,85,125,70,380,8755
140,9917,2673,3.71,3990,1090,95,180,140,0,2175,300,0,3990,1020,2035,385,425,40,20,60,2.42,13.4,7.7,9650,565,530,655,760,905,920,1050,1255,1535,1485,9650,2870,275,815,625,120,490,30,70,45,45,100,100,160,6785
53,15723,6047,2.6,6365,5330,80,15,0,5,495,435,0,6365,465,2410,315,295,195,375,2310,2.47,13.6,29.6,15715,3680,1930,1620,1680,1445,1270,1190,1035,915,960,15715,12030,3080,3365,810,365,1200,805,115,1255,445,50,175,380,3680
88,22162,11726,1.89,11030,6515,1985,410,600,10,1370,130,0,11025,4340,4715,655,310,255,295,475,1.98,25,16.5,21815,2880,1830,1590,1550,1625,1670,1810,2140,2765,3975,21815,5185,830,950,755,690,380,225,185,220,380,175,125,270,16640
87,23925,4893,4.89,10875,3585,3240,565,515,25,2655,290,0,10870,5935,1850,605,370,205,645,1270,2.15,21.2,11.1,23355,2085,1565,1405,1415,1600,1730,1950,2410,3030,6140,23355,4465,740,800,855,475,325,150,240,85,270,150,110,275,18885
134,12494,2403,5.2,3695,0,30,545,5,0,3100,15,0,3700,340,475,1700,760,165,195,75,3.37,3.9,10.5,12465,1055,850,930,950,1050,1205,1380,1600,1835,1605,12465,9290,955,4515,1550,205,805,85,85,100,130,35,535,270,3185
48,16934,3148,5.38,6400,1940,755,155,825,0,1650,1070,0,6395,465,4560,900,385,60,20,15,2.64,10,21.9,16915,2825,1955,1330,1430,1315,1415,1560,1630,1605,1840,16915,12785,8225,1525,620,220,305,180,90,650,650,60,60,205,4130
8,10948,3981,2.75,4135,1975,190,180,60,0,1680,65,0,4135,1175,1865,390,325,65,230,85,2.45,14,14.6,10120,900,1050,1160,960,900,920,955,1050,1035,1170,10115,2745,100,325,1150,485,170,50,25,60,135,0,90,180,7365
21,12416,1570,7.91,3900,710,685,95,1790,0,525,85,5,3895,605,2640,265,145,130,95,15,3.18,6.1,19.7,12410,1600,1845,1830,1590,1345,1185,1040,930,680,355,12405,8140,135,3590,1835,895,345,205,440,255,45,0,235,170,4265
22,15545,3565,4.36,5055,1585,1210,80,1135,0,575,455,0,5055,1345,2500,470,250,125,320,50,3.07,6.8,22.7,15535,2395,2520,2335,2090,1730,1350,1135,990,685,285,15535,11970,375,3275,3440,1830,880,155,1085,145,65,35,400,290,3565
106,14365,7682,1.87,6560,1705,2595,155,265,0,1850,0,0,6570,4165,1595,345,240,55,75,85,2.17,21,15.7,14225,1760,1405,1155,1205,1045,955,1010,1105,1210,3380,14225,4095,295,320,710,530,1435,115,80,55,150,120,90,200,10125
125,13641,7031,1.94,5170,2880,270,380,375,100,1020,145,0,5165,2265,2125,310,310,95,40,10,2.63,11.6,23.3,13605,2190,2045,1910,1860,1620,1215,1040,835,670,235,13610,9950,600,3730,1705,225,2400,235,135,175,35,10,405,320,3660
14,43965,2712,16.21,19325,12345,750,250,125,5,5175,650,0,19320,4260,4880,1455,1075,1545,2920,3190,2.24,17.8,15.8,43230,4895,4070,3580,3510,3665,3800,3945,4435,5120,6195,43225,16035,1875,3525,3055,1330,1675,680,490,530,1620,195,570,530,27195
90,14366,5442,2.64,6030,720,2510,510,980,10,740,565,0,6025,3550,710,160,250,555,490,315,2.33,16.5,13.5,14080,1610,1180,1150,1190,1250,1265,1360,1570,1780,1725,14085,4160,885,525,550,490,615,30,395,35,70,115,205,245,9925
110,11058,6467,1.71,4185,665,1005,395,425,0,1670,10,0,4185,1870,1125,365,405,205,105,110,2.64,12.2,18.3,11045,1335,1600,1410,1330,1255,1105,960,950,725,350,11045,4700,160,915,1195,910,760,25,335,75,20,40,55,210,6350
124,17123,4770,3.59,6580,2835,695,680,350,80,1805,125,0,6580,2505,2235,890,725,100,35,80,2.6,14,26.3,17105,3275,2570,2100,1945,1675,1585,1375,1190,955,440,17100,11885,1035,4165,2130,250,2590,165,240,175,50,75,540,475,5215
78,17945,11806,1.52,8745,4630,2930,245,215,55,70,600,0,8735,2720,2495,1325,765,440,390,585,2,25.4,33.2,17465,5345,2710,1605,1340,1155,1020,880,990,1090,1320,17455,10520,6075,760,880,315,445,300,585,195,330,220,135,265,6940
6,22000,4356,5.05,7785,4760,220,170,130,0,2175,315,0,7780,2130,4200,955,370,75,10,40,2.82,9.9,24.9,21980,3595,3760,2805,2145,2035,1750,1595,1525,1525,1255,21980,13130,410,3630,5340,980,685,275,270,535,210,35,325,425,8835
15,9271,3593,2.58,3585,790,335,30,70,0,2310,50,0,3585,2165,380,245,235,215,230,140,2.56,11.2,4.5,9165,350,260,275,345,315,390,535,725,1175,4790,9165,1100,300,205,80,55,110,20,25,40,135,45,0,95,8060
114,7985,4697,1.7,3120,700,335,95,545,0,1270,185,0,3125,2180,570,215,75,0,40,30,2.56,13,18.5,7980,1055,680,545,470,405,460,515,625,980,2230,7985,1950,175,270,835,150,170,40,35,55,50,10,45,120,6030
117,43993,6144,7.16,15045,6760,830,420,925,15,3685,2415,0,15025,1210,9995,2215,770,455,120,285,2.89,8,23.5,43485,7330,6605,5610,4600,4065,3615,3425,3125,3005,2125,43500,33540,16165,7240,3625,415,2495,990,280,790,195,145,435,790,9945
38,16164,3038,5.32,6590,3335,655,185,30,15,2355,0,0,6590,1920,1065,720,440,995,680,770,2.44,13.8,17.6,16060,2265,1330,1100,960,1060,1095,1025,1325,1840,4070,16065,6930,1740,1005,405,240,1045,185,90,975,875,70,75,200,9140
105,14607,6407,2.28,5425,205,1005,185,885,0,3110,30,0,5420,3855,470,290,230,220,190,165,2.69,11.3,6.7,14555,770,485,415,510,605,705,890,1195,2040,6955,14560,3110,1195,355,220,100,260,20,115,185,300,135,20,220,11455
103,15179,4685,3.24,5745,925,1015,230,110,5,3420,35,0,5750,4105,470,190,275,325,210,175,2.63,12,7.3,15100,930,500,460,435,565,650,685,1005,1475,8385,15110,2560,865,315,240,110,295,30,45,245,125,60,50,185,12560
56,16828,3596,4.68,6440,525,1420,45,795,0,3565,75,0,6440,4640,620,190,335,230,210,210,2.59,13.3,6.9,16645,885,630,610,595,655,845,1080,1335,2035,7965,16635,2935,1025,450,280,140,225,75,85,160,200,75,55,170,13710
84,15559,12859,1.21,7430,2955,2835,240,460,45,270,605,0,7430,3355,800,180,195,125,545,2225,2.03,21.5,15.6,15055,2135,1495,1445,1435,1260,1365,1375,1510,1460,1570,15055,4265,1435,445,640,455,190,55,325,85,180,120,95,245,10790
19,10084,4584,2.2,4815,1135,1795,230,80,10,1480,90,0,4815,2260,1290,405,310,100,195,255,2.09,21.5,17.6,10065,1340,1070,965,920,970,870,900,875,1060,1095,10070,2305,200,330,470,255,410,55,125,105,15,20,225,85,7760
132,43794,4948,8.85,13415,3175,655,1220,1275,85,3475,3540,0,13430,510,5505,3750,2165,900,410,205,3.26,5.9,20.4,43760,5570,6725,6185,5605,5105,4305,3985,3260,2290,735,43765,39195,3275,17465,8295,770,4830,365,200,650,75,30,1805,1420,4580
29,10111,4012,2.52,3555,800,635,205,175,0,1635,95,5,3555,1310,1445,250,350,105,45,55,2.77,9.1,15.2,9865,965,1310,1375,1185,1070,895,895,705,750,710,9865,4300,140,985,790,645,1200,35,270,10,45,20,55,100,5565
12,10554,3614,2.92,4310,2025,170,40,5,5,1780,285,0,4310,820,3265,130,40,10,35,10,2.43,13,8.3,10455,575,610,840,720,750,925,1070,1250,1575,2145,10455,1395,260,230,180,135,100,45,50,50,245,40,35,35,9060
130,26572,2830,9.39,7685,1970,95,520,550,30,3900,610,0,7685,95,1765,4090,1265,120,210,105,3.39,4.1,22.1,26055,4710,4630,3520,2665,2240,1810,1950,1670,1710,1155,26060,25165,18715,3080,1070,35,1015,165,240,130,0,35,150,540,900
17,33964,4915,6.91,17770,10810,3145,355,285,10,2255,915,0,17785,4255,3185,1500,1775,1485,1445,4100,1.87,27.5,18.2,33315,4490,3230,2595,2425,2580,2755,3030,3410,3965,4820,33310,10395,1635,1865,1730,985,1145,340,405,335,515,200,760,445,22915
135,17455,3041,5.74,5875,2130,205,310,25,5,2280,920,5,5880,1180,3230,775,335,180,140,40,2.92,8.4,23.8,17160,2885,2415,1970,1855,1655,1530,1365,1395,1295,785,17150,12865,880,5155,3065,345,1865,135,210,270,65,65,440,355,4290
73,20506,14753,1.39,11550,8240,2350,110,135,30,65,630,0,11555,2585,2120,810,1100,1020,1325,2605,1.6,40.3,31.9,18460,4850,2190,1355,965,925,935,1070,1350,1845,2980,18460,7860,1435,1315,2590,395,425,260,340,280,175,105,215,320,10595
115,13593,6442,2.11,5170,2495,1035,210,150,5,955,335,0,5180,1635,1790,580,650,260,200,65,2.56,13.4,25.3,13265,2470,2065,1765,1680,1395,1300,1005,775,605,200,13260,9005,310,510,4360,1380,860,75,655,95,155,45,285,285,4255
2,32954,7291,4.52,9870,6165,90,755,160,0,1655,1040,0,9875,1405,4610,2245,1320,170,45,80,3.32,5.9,27.9,32825,5835,6515,5530,4185,3350,2590,2040,1495,895,400,32830,28455,285,11095,8390,1085,815,2650,590,1415,70,10,1445,610,4375
99,16775,5411,3.1,7440,2275,1055,180,1620,5,2160,140,0,7435,4065,1640,610,455,165,150,350,2.25,19.3,10.3,16760,1310,955,800,865,920,950,1170,1525,2185,6070,16760,3825,990,680,470,285,405,60,50,245,240,145,50,215,12930
104,29658,21969,1.35,17490,14785,1755,100,185,5,475,200,0,17495,2690,6950,1650,1855,1345,2375,630,1.65,36.4,20.8,28925,4730,2665,2170,2190,2350,2370,2465,2585,3100,4280,28920,9730,1515,1895,1185,950,1055,410,115,1125,745,240,210,270,19200
18,11463,3342,3.43,5375,1180,1965,200,215,5,1555,260,0,5375,2485,1020,510,710,260,205,195,2.1,22.7,24.8,11285,2100,1520,1030,930,915,900,845,955,1185,910,11290,3615,340,590,1250,290,405,95,105,30,50,65,220,180,7675
50,16097,3926,4.1,6120,2590,330,380,10,0,2760,30,0,6110,1080,1745,1105,1180,350,420,245,2.54,11.4,27.4,15530,3510,1850,1190,1055,1080,1175,1135,1165,1450,1910,15530,11215,4830,745,205,165,465,150,110,2320,1920,70,20,210,4320
36,23831,5070,4.7,8960,4400,495,375,605,0,2530,550,0,8960,1825,3745,775,740,340,895,625,2.64,10.3,26.3,23625,4955,3305,2765,2315,1985,1900,1675,1480,1540,1715,23620,13825,2650,1025,485,360,4355,105,185,1875,2210,100,120,345,9805
82,31180,10156,3.07,18770,15645,1770,315,110,50,35,860,0,18780,1395,940,1710,1690,2370,4425,6230,1.62,35.5,13.7,30435,3540,2025,1770,1810,2080,2435,2810,3240,4690,6050,30440,10665,2260,2210,1635,1005,780,490,365,365,475,180,295,610,19765
68,11916,6770,1.76,5005,700,1460,315,1305,40,815,360,0,5010,3870,865,135,65,25,35,30,2.33,17.1,10.9,11675,1000,880,570,710,770,755,820,1050,1555,3555,11680,2815,1230,405,330,130,135,10,105,30,25,140,75,190,8875
74,18615,44321,0.42,9555,8845,575,20,0,0,5,100,0,9555,2080,4880,785,365,210,905,325,1.92,28.2,36.5,18355,5340,3060,2310,1755,1540,1205,910,800,705,730,18355,12270,890,3770,2115,615,2800,395,270,380,325,85,310,325,6075
121,13845,7444,1.86,5280,3175,250,440,140,15,1050,200,0,5280,1695,2355,690,250,90,50,140,2.57,16.6,42.6,13605,4000,3045,1770,1180,875,940,565,585,435,235,13610,10250,705,4800,2500,145,675,125,125,600,30,25,240,280,3365
107,21210,9511,2.23,8695,1525,2390,685,1260,10,2795,20,0,8685,5665,1950,525,315,80,80,70,2.42,14.9,18.6,20965,2770,2890,2410,2045,1925,1885,1805,1865,1725,1640,20960,9045,880,625,2720,1325,1910,110,385,145,120,125,260,440,11910
54,18675,3780,4.94,7470,2395,1485,285,130,0,3030,145,0,7465,4020,2195,350,545,160,115,105,2.48,14.4,22.5,18505,3140,2240,1935,1605,1505,1465,1420,1605,1645,1950,18500,6975,635,1730,1865,340,1120,155,100,435,100,145,115,230,11520
58,9233,3997,2.31,3790,520,455,425,170,5,2220,0,0,3790,2740,620,145,105,40,65,75,2.43,14.4,13.5,9210,865,805,850,675,720,815,830,910,1255,1500,9210,2470,745,295,265,110,430,30,190,100,55,65,60,115,6750
80,13826,9601,1.44,6330,310,3890,410,960,130,355,295,0,6330,4810,900,280,170,25,20,120,2.17,17.9,13.8,13765,2055,1340,1150,1060,935,1145,1090,1330,1395,2250,13760,2950,1135,395,330,240,95,55,85,75,200,125,75,140,10810
45,34805,4691,7.42,13315,6710,1185,125,1355,15,2555,1370,0,13325,3895,7265,830,795,135,165,250,2.61,11.7,20.6,34725,4910,4435,3940,3365,3070,3075,2870,2710,2980,3365,34730,19075,2875,3610,3910,1025,2435,1515,195,1600,580,225,415,700,15655
23,10722,2547,4.21,3710,535,240,350,510,10,1795,260,0,3710,1255,880,290,300,180,290,525,2.89,8.3,11.4,10720,875,865,1190,1095,1175,1180,1295,1180,1190,675,10720,4675,230,750,1200,820,485,55,705,45,30,20,140,175,6035
67,7804,8671,0.9,3575,925,1170,200,580,15,630,60,0,3580,2300,965,140,95,35,10,40,2.14,22.4,13.6,7645,790,635,480,410,505,535,620,620,865,2185,7640,1560,505,240,190,125,90,40,60,25,40,130,50,65,6085
46,15818,5273,3,5520,1475,825,110,1805,20,1010,270,0,5525,365,4475,340,205,85,35,15,2.86,7.5,17.5,15805,2225,1815,1670,1615,1490,1380,1465,1525,1500,1125,15805,10155,5630,1310,745,145,610,405,125,480,250,110,85,230,5660
10,11051,2138,5.17,3860,440,15,55,5,10,3295,40,0,3865,2175,1055,140,155,55,100,165,2.86,6,7.2,11045,550,485,515,525,605,570,720,1115,1530,4440,11045,2105,500,590,160,165,90,20,75,85,220,55,45,100,8945
72,10803,16880,0.64,4960,3630,735,10,50,25,5,505,0,4955,1120,905,300,165,95,610,1750,2.15,23.9,42.3,10675,3230,2200,1230,750,650,515,505,500,515,580,10675,7470,1350,2770,1465,285,305,250,390,175,75,30,110,255,3205
4,10529,4229,2.49,3850,460,670,480,30,0,1775,430,0,3845,2255,1160,205,105,40,80,0,2.69,11.3,18.6,10360,1345,1225,1310,1070,1050,1130,1030,940,870,395,10360,5365,165,1420,1470,850,515,110,170,215,10,35,235,170,4990
111,22246,4414,5.04,9065,3260,1275,465,1055,0,2765,240,0,9050,4250,3425,680,435,115,70,80,2.45,15.9,22.8,22235,3435,3335,2590,2310,2285,2250,2110,1830,1390,680,22235,10225,465,990,3400,2200,785,145,1285,85,55,90,330,390,12000
86,14974,9851,1.52,6890,1720,2715,430,995,20,675,320,20,6885,4825,1380,195,130,40,220,95,2.16,21.4,19.9,14870,2405,1635,1220,1085,1090,1100,1165,1280,1575,2325,14870,3795,560,835,770,290,300,60,315,30,70,95,295,180,11080
98,20923,4500,4.65,10045,4990,1505,345,485,5,2450,260,0,10055,4805,2530,845,670,850,170,195,2.05,23.2,10.2,20615,1750,950,740,750,870,1025,1170,1460,2120,9760,20610,3740,1150,605,395,270,210,155,45,235,300,135,65,190,16880
131,46496,1260,36.89,13385,1015,575,1170,1145,20,7625,1855,0,13390,685,2375,3575,1840,3375,1225,290,3.44,4.3,9.5,46060,2895,3795,4905,4740,4965,5345,5265,5135,5320,3690,46060,37315,2100,20175,6525,495,4095,395,295,535,65,105,1255,1270,8750
89,10070,6333,1.59,3820,0,735,240,760,10,2025,50,0,3820,3320,335,55,25,25,25,35,2.64,10.5,6.9,10065,515,495,485,560,595,725,945,990,1735,3010,10070,1600,365,245,215,120,145,20,50,25,115,135,75,75,8465
28,9941,4734,2.1,3650,1965,240,85,210,0,1150,5,0,3650,1045,1525,420,555,60,20,25,2.67,11.4,31.7,9755,2040,1760,1320,990,730,790,545,530,650,405,9755,5810,135,420,3455,735,355,45,260,30,0,0,120,240,3945
139,16724,5395,3.1,5920,3980,355,170,30,0,1105,270,0,5920,1430,2665,590,565,285,270,105,2.77,11.7,32.4,16440,3585,3140,2335,1590,1340,1165,940,855,805,695,16430,12065,390,5520,3330,280,950,140,70,570,20,20,385,400,4370
85,21849,9583,2.28,11390,7170,3280,210,150,5,200,355,5,11395,4840,3415,1010,565,165,610,785,1.81,31.4,30.5,20655,4720,3470,2565,2115,1815,1420,1365,1165,1040,995,20655,9920,680,1830,2105,515,1505,165,680,145,100,60,1600,535,10730
70,27876,3136,8.89,12075,2175,4195,685,2390,85,865,1660,0,12065,6965,1555,615,620,305,705,1270,2.24,18.7,18.7,27045,4060,2980,2060,1825,1835,1890,2000,2365,3055,4980,27045,11225,5800,1170,1380,310,565,160,650,130,165,175,165,545,15815
40,17812,2430,7.33,6425,1745,595,120,175,5,3245,540,0,6425,1120,3000,630,640,590,285,140,2.75,8.7,15.9,17675,2145,1395,1080,1055,1030,1040,1130,1180,1640,5980,17675,8940,3845,1075,660,305,395,185,70,1120,820,145,80,230,8735
116,24623,5436,4.53,7810,2715,285,355,185,0,3725,555,5,7815,120,2615,3555,920,305,135,200,3.11,5.9,21,24265,4170,3830,3025,2290,2255,1770,1945,1780,1795,1425,24265,22075,17755,1560,595,30,595,515,170,110,120,60,125,440,2200
16,25051,3199,7.83,10375,1035,2765,245,100,5,5790,440,0,10375,6205,2220,295,535,395,410,310,2.4,14.5,11.6,24895,2075,1925,1790,1670,1715,1870,2185,2490,3315,5860,24900,4595,565,925,585,400,510,110,275,175,230,150,400,275,20310
118,27446,5073,5.41,10060,4860,340,670,165,30,3080,920,0,10060,1810,5140,925,1335,330,260,280,2.69,10.5,23.8,27035,4400,4165,3130,2880,2440,2230,2185,2035,1990,1570,27030,20325,8665,4690,1860,360,2145,570,165,425,255,175,370,640,6705
61,15683,15528,1.01,6275,4840,240,195,195,25,600,185,0,6270,1655,3735,475,305,50,15,25,2.47,15.2,32.9,15485,3735,2800,2160,1860,1325,1045,860,705,655,340,15485,10355,675,5975,1535,215,670,115,175,260,160,55,285,240,5125
63,21567,6058,3.56,9425,640,3925,465,1450,15,2590,340,0,9425,6550,965,260,550,620,265,215,2.27,18.5,9.4,21430,1515,1135,1035,955,1115,1330,1620,2010,3120,7605,21445,2980,615,645,345,215,230,90,160,55,115,110,140,260,18465
3,10360,3130,3.31,3280,680,295,375,300,5,1575,50,0,3285,1255,1385,365,185,30,25,20,3.09,6.9,17.8,10120,1240,1465,1460,1165,995,1030,815,725,795,425,10125,6510,110,2555,1645,660,305,380,120,250,40,15,285,160,3615
55,21108,6787,3.11,7130,6660,375,0,0,0,0,85,0,7120,1405,3685,680,635,250,135,325,2.93,12.6,45.5,20840,6130,5160,2740,1875,1340,1055,890,680,555,445,20845,16495,435,9845,1115,305,1505,685,95,1795,130,20,165,405,4345
81,16556,9570,1.73,6905,295,3385,875,715,365,385,890,0,6900,5050,915,240,210,150,190,160,2.35,14.9,14.7,16225,2460,1745,1595,1345,1270,1275,1265,1365,1530,2385,16230,4820,3225,280,320,190,140,65,165,50,65,80,65,160,11410
79,7607,5395,1.41,3400,1125,1410,185,215,50,125,285,0,3390,1935,810,140,95,25,180,210,1.97,23.4,22.4,6680,1610,615,505,465,425,420,380,510,620,1145,6675,2205,835,395,180,120,140,40,80,40,165,105,20,80,4470
43,17510,3710,4.72,7415,3235,2060,180,305,15,1250,365,0,7410,2220,3205,670,560,535,135,85,2.32,18.2,25.9,17180,2915,2695,2085,1845,1585,1505,1295,1230,1085,950,17185,10155,730,2985,2075,430,1240,1070,95,720,160,75,265,310,7035
77,65913,8943,7.37,40760,39265,535,80,40,20,255,560,0,40755,705,2695,3465,4055,6070,9600,14160,1.61,35.6,16.5,65620,9465,4515,3650,3810,4105,4800,5460,6840,8860,14135,65620,28895,9020,6735,3650,1405,1380,1440,675,1300,1055,555,460,1240,36715
136,27392,2856,9.59,9985,3485,635,735,450,30,3220,1445,0,9980,2255,5150,1120,630,320,310,190,2.7,12.5,25.2,26970,4750,3900,2975,2845,2660,2545,2250,2095,1885,1060,26960,17075,685,5060,5835,555,2330,115,215,510,80,55,925,695,9885
1,33312,1117,29.81,10290,2265,685,1850,295,5,3870,1310,0,10285,1520,3540,1905,1650,510,820,355,3.2,6.5,15.8,32895,3900,3680,3865,4210,3895,3610,3480,2990,2250,1005,32890,26945,470,13920,6260,1300,1615,240,490,300,60,60,1535,685,5940
35,26274,7339,3.58,10225,7735,455,145,555,0,870,470,0,10230,1010,5675,2370,750,165,50,195,2.55,12.1,24.4,26065,4590,4275,3480,3020,2540,2275,1770,1550,1340,1240,26120,11715,775,720,1050,450,5990,270,120,850,925,105,150,300,14410
113,17992,7197,2.5,7600,4405,990,230,205,5,1620,160,0,7600,2720,2745,650,870,250,325,40,2.33,19.2,29.6,17695,3745,2915,2240,1750,1430,1335,1340,1170,1120,645,17685,10755,335,765,6045,1390,590,120,550,145,75,65,280,390,6925
91,11098,7601,1.46,4225,500,1475,210,1220,15,505,300,0,4225,2575,880,255,125,320,55,30,2.62,12.8,20.4,11090,1740,1390,1330,1185,1140,1100,1030,955,830,380,11085,4210,285,410,1255,780,315,80,495,30,10,30,275,255,6885
119,27917,2724,10.25,10105,1865,1105,1470,15,5,5290,360,5,10110,5955,2655,530,555,135,50,255,2.73,10.9,19.2,27545,3630,3545,3295,2860,2930,2625,2675,2455,2255,1250,27545,15285,1910,4195,2055,600,3405,1185,215,535,190,70,395,530,12270
51,50434,10087,5,22310,16100,1650,250,65,20,3385,845,0,22305,1510,2050,1960,3845,5850,3860,3215,2.25,16.6,30.3,50255,12600,4985,3855,3285,3315,3365,3620,3840,4990,6425,50255,37715,16980,3375,1135,825,845,1320,385,5985,5255,665,135,810,12545
37,16936,5820,2.91,7550,4630,195,300,140,0,2030,250,0,7565,1650,1165,655,760,795,1215,1320,2.22,17.7,27.1,16725,3620,1740,1145,965,1090,1110,1240,1430,1925,2460,16670,9630,3655,860,220,190,265,190,170,1730,1930,145,60,220,7040
7,22156,4007,5.53,8505,3740,35,255,530,0,3600,345,0,8515,2315,4800,550,295,70,205,290,2.6,11.7,15,22150,2005,2450,2295,2120,2030,2145,2080,2180,2475,2370,22150,8870,515,2340,2960,935,645,135,110,150,410,90,340,260,13270
137,53485,4345,12.31,18435,9330,490,1750,285,10,6310,240,0,18440,6010,7175,1165,2305,910,565,320,2.87,9.7,27.2,53005,9965,8715,6815,5845,4955,4520,4240,3535,2830,1650,53005,40510,3715,21545,5835,745,4090,610,315,1320,210,100,1000,1025,12495
64,12541,7838,1.6,5455,690,1810,190,1555,25,885,300,0,5455,3575,785,310,340,130,80,215,2.28,18.5,15.8,12430,1490,1040,850,780,870,1030,985,1290,1935,2165,12435,3380,1025,610,775,140,235,40,75,30,50,100,55,230,9050
60,7865,6722,1.17,3445,610,320,285,325,5,1885,20,0,3450,2485,605,85,95,50,45,75,2.27,16.5,15.2,7850,890,715,625,610,645,735,785,905,1020,915,7850,2435,730,345,475,155,290,45,55,30,65,70,80,110,5415
94,14349,8541,1.68,5885,1295,2080,395,880,35,920,290,0,5890,3190,1195,575,425,80,165,275,2.24,18.3,16.7,13200,1685,1480,1175,965,1060,1030,1085,1235,1410,2080,13250,3635,805,255,865,445,440,95,165,55,135,60,70,260,9605
100,11817,7162,1.65,5675,1995,1445,310,465,0,1400,60,0,5680,2995,1380,340,190,145,75,555,2.08,23.7,12,11810,1185,660,630,665,700,815,850,1060,1480,3770,11805,3155,980,445,295,220,290,105,75,215,250,115,50,140,8650
97,12528,10708,1.17,7015,4315,1370,130,450,0,520,220,0,7020,3280,2040,470,415,430,255,135,1.76,31.1,12.9,12370,1340,675,715,715,730,780,880,1030,1300,4220,12300,2555,575,560,235,160,230,125,50,190,135,115,65,120,9740
27,27593,2086,13.23,10175,5505,995,280,1360,0,1235,775,0,10180,1245,5470,940,645,475,830,590,2.71,11.3,24.4,27570,5410,4135,3625,3235,2710,2470,2095,1830,1380,700,27570,19135,1500,4180,5205,1765,2645,280,1375,605,390,30,535,620,8430
31,14804,2451,6.04,5345,1185,830,465,80,5,2165,600,0,5350,2025,1860,285,245,265,125,545,2.62,11.2,16.8,14020,1630,1665,1775,1380,1290,1285,1260,1285,1330,1130,14030,6340,850,865,1460,710,1110,50,535,50,55,40,235,350,7695
